dataset_id,title,source,doi,publication,material_family,material_subclass,surface_finish,condition_or_wear,manufacturer_or_batch,specimen_count,patch_count,field_of_view_x,field_of_view_y,lateral_resolution_x,lateral_resolution_y,vertical_resolution,instrument,file_format,coordinate_unit,height_unit,raw_or_processed,contains_absolute_scale,contains_height_map,contains_point_cloud,contains_mesh,license,access_method,direct_download,login_required,author_request_required,suitability_for_calibration,suitability_for_pipeline_test,known_limitations,evidence,checked_date
mendeley_hcgcnm269w_v2_p40,Sandpaper Wind Turbine Blade Benchmark Dataset - P40,Mendeley Data,10.17632/hcgcnm269w.2,unknown,sandpaper,FEPA P40,abrasive paper mounted on blade replica,wear state unknown,unknown,1,1,9.672936120 mm node span,1.007824500 mm node span,1.08954 um,1.08954 um,unknown,Hirox RH-2000,CSV,implicit regular grid,um,Hirox ground-truth export; preprocessing unknown,true,true,false,false,CC BY 4.0,public API and fixed direct file URL,true,false,false,conditional after leveling ROI and instrument-QC,true,single patch; no batch or abrasive manufacturer; vertical resolution and preprocessing are not stated,https://data.mendeley.com/datasets/hcgcnm269w/2 | data/catalog/sandpaper_hcgcnm269w_v2_probe.json,2026-07-29
mendeley_hcgcnm269w_v2_p60,Sandpaper Wind Turbine Blade Benchmark Dataset - P60,Mendeley Data,10.17632/hcgcnm269w.2,unknown,sandpaper,FEPA P60,abrasive paper mounted on blade replica,wear state unknown,unknown,1,1,12.207206160 mm node span,0.995839560 mm node span,1.08954 um,1.08954 um,unknown,Hirox RH-2000,CSV,implicit regular grid,um,Hirox ground-truth export; preprocessing unknown,true,true,false,false,CC BY 4.0,public API and fixed direct file URL,true,false,false,conditional after leveling ROI and instrument-QC,true,single patch; no batch or abrasive manufacturer; vertical resolution and preprocessing are not stated,https://data.mendeley.com/datasets/hcgcnm269w/2 | data/catalog/sandpaper_hcgcnm269w_v2_probe.json,2026-07-29
mendeley_hcgcnm269w_v2_p80,Sandpaper Wind Turbine Blade Benchmark Dataset - P80,Mendeley Data,10.17632/hcgcnm269w.2,unknown,sandpaper,FEPA P80,abrasive paper mounted on blade replica,wear state unknown,unknown,1,unknown,unknown,unknown,unknown,unknown,unknown,Hirox RH-2000 advertised; CSV not located,Canon images; advertised ground-truth CSV not present in public inventory,unknown,unknown,unknown,unknown,unknown,false,false,CC BY 4.0,public dataset files,true,false,false,no until raw height file is located and verified,true for access-path tests only,dataset description says every grit has ground truth but the 127-file public API inventory has no P80.csv; do not infer P80 from neighboring grit numbers,https://data.mendeley.com/datasets/hcgcnm269w/2 | https://data.mendeley.com/public-api/datasets/hcgcnm269w | data/catalog/sandpaper_hcgcnm269w_v2_probe.json,2026-07-29
mendeley_hcgcnm269w_v2_p100,Sandpaper Wind Turbine Blade Benchmark Dataset - P100,Mendeley Data,10.17632/hcgcnm269w.2,unknown,sandpaper,FEPA P100,abrasive paper mounted on blade replica,wear state unknown,unknown,1,1,10.263466800 mm node span,1.012182660 mm node span,1.08954 um,1.08954 um,unknown,Hirox RH-2000,CSV,implicit regular grid,um,Hirox ground-truth export; preprocessing unknown,true,true,false,false,CC BY 4.0,public API and fixed direct file URL,true,false,false,conditional after leveling ROI and instrument-QC,true,single patch; no batch or abrasive manufacturer; vertical resolution and preprocessing are not stated,https://data.mendeley.com/datasets/hcgcnm269w/2 | data/catalog/sandpaper_hcgcnm269w_v2_probe.json,2026-07-29
mendeley_hcgcnm269w_v2_p120,Sandpaper Wind Turbine Blade Benchmark Dataset - P120,Mendeley Data,10.17632/hcgcnm269w.2,unknown,sandpaper,FEPA P120,abrasive paper mounted on blade replica,wear state unknown,unknown,1,1,9.475729380 mm node span,1.008914040 mm node span,1.08954 um,1.08954 um,unknown,Hirox RH-2000,CSV,implicit regular grid,um,Hirox ground-truth export; preprocessing unknown,true,true,false,false,CC BY 4.0,public API and fixed direct file URL,true,false,false,conditional after leveling ROI and instrument-QC,true,single patch; no batch or abrasive manufacturer; vertical resolution and preprocessing are not stated,https://data.mendeley.com/datasets/hcgcnm269w/2 | data/catalog/sandpaper_hcgcnm269w_v2_probe.json,2026-07-29
mendeley_hcgcnm269w_v2_p180,Sandpaper Wind Turbine Blade Benchmark Dataset - P180,Mendeley Data,10.17632/hcgcnm269w.2,unknown,sandpaper,FEPA P180,abrasive paper mounted on blade replica,wear state unknown,unknown,1,1,10.609940520 mm node span,1.017630360 mm node span,1.08954 um,1.08954 um,unknown,Hirox RH-2000,CSV,implicit regular grid,um,Hirox ground-truth export; preprocessing unknown,true,true,false,false,CC BY 4.0,public API and fixed direct file URL,true,false,false,conditional after leveling ROI and instrument-QC,true,single patch; no batch or abrasive manufacturer; vertical resolution and preprocessing are not stated,https://data.mendeley.com/datasets/hcgcnm269w/2 | data/catalog/sandpaper_hcgcnm269w_v2_probe.json,2026-07-29
mendeley_hcgcnm269w_v2_p240,Sandpaper Wind Turbine Blade Benchmark Dataset - P240,Mendeley Data,10.17632/hcgcnm269w.2,unknown,sandpaper,FEPA P240,abrasive paper mounted on blade replica,wear state unknown,unknown,1,1,10.284168060 mm node span,1.015451280 mm node span,1.08954 um,1.08954 um,unknown,Hirox RH-2000,CSV,implicit regular grid,um,Hirox ground-truth export; preprocessing unknown,true,true,false,false,CC BY 4.0,public API and fixed direct file URL,true,false,false,conditional after leveling ROI and instrument-QC,true,single patch; strong global tilt and zero-valued border in unprocessed preview; no batch or manufacturer; vertical resolution unknown,https://data.mendeley.com/datasets/hcgcnm269w/2 | reports/terrain_phase01/p240_hirox_summary.json | data/catalog/sandpaper_hcgcnm269w_v2_probe.json,2026-07-29
surface_topography_challenge_zenodo_15341939,The Surface-Topography Challenge: A multi-laboratory benchmark study to advance the characterization of topography,Zenodo and contact.engineering,10.5281/zenodo.15341939,10.1007/s11249-025-02014-y,coated silicon,CrN-coated silicon wafer,two surfaces: smooth polished front and rough unpolished or etched back,as-distributed challenge samples,multiple wafer batches,2,2088 measurements,variable multi-scale,variable multi-scale,variable,variable,variable,153 participants and many instrument classes,native instrument files plus normalized NetCDF and metadata YAML,m in normalized files,m in normalized files,raw author submissions plus normalized digital surface twins,true,true,unknown,unknown,Zenodo record CC0; per-twin license files must be checked,direct Zenodo archives or contact.engineering,true,false,false,no for brick concrete or sandpaper calibration; yes as metrology cross-instrument evidence,true,not a target material; archives total tens of GB; per-contributor metadata and license vary,https://zenodo.org/records/15341939 | https://contact.engineering/challenge/,2026-07-29
contact_engineering_platform,contact.engineering published topography database,contact.engineering,unknown,10.1088/2051-672X/5/1/015008,multiple,multiple,multiple,multiple,multiple,unknown,unknown,variable,variable,variable,variable,variable,multiple,native files and normalized digital surface twins,variable,variable,raw and processed,true,true,unknown,unknown,per dataset,published-data web application and per-dataset download,unknown,unknown,false,conditional on finding target material with complete metadata,true,material coverage changes and licenses are dataset-specific; no verified target-material record was identified in this audit,https://contact.engineering/ui/dataset-list/ | https://contact.engineering/challenge/,2026-07-29
surface_topography_python,SurfaceTopography Python package,PyPI and GitHub,10.1088/2051-672X/5/1/015008,10.1088/2051-672X/10/3/035032,not_applicable,software,not_applicable,not_applicable,not_applicable,not_applicable,not_applicable,not_applicable,not_applicable,not_applicable,not_applicable,not_applicable,not_applicable,35+ metrology formats including NetCDF X3P OS3D XYZ NPY,declared by input,declared by input,software reader and analysis library,not_applicable,not_applicable,not_applicable,not_applicable,MIT,PyPI or GitHub,true,false,false,not a calibration dataset,true,not installed in the project environment during Phase 0-1; adding it is an ADR decision,https://pypi.org/project/SurfaceTopography/ | https://github.com/ContactEngineering/SurfaceTopography,2026-07-29
digital_metrology_surface_library,Digital Metrology Surface Library,Digital Metrology,unknown,unknown,multiple,public examples,variable,variable,variable,unknown,unknown,listed per item,listed per item,unknown,unknown,unknown,listed per item,OS3D,declared in file,declared in file,mixed,true,true,false,false,unknown,registration and login,false,true,false,unknown until target entries and licenses are inspected,yes after authorized download,public page does not establish target-material coverage or a reusable data license,https://digitalmetrology.com/surface-library/,2026-07-29
roughness_database_org,Roughness Database,University of Southampton,unknown,unknown,rough walls,multiple rough surfaces,variable,variable,variable,unknown,unknown,variable,variable,variable,variable,variable,variable,surface profiles statistics and flow measurements,unknown,unknown,mixed,unknown,unknown,unknown,unknown,unknown,access request and approval,false,true,false,unknown until approved inventory review,unknown,designed for turbulent-flow roughness; public inventory metadata and license could not be verified without approval,https://roughnessdatabase.org/user-access/,2026-07-29
red_clay_ceramic_tonietto_2022,Method for evaluating roughness and valley areas coefficients of surfaces acquired by laser scanner,Scientific Reports,10.1038/s41598-022-04847-2,Scientific Reports 12 (2022),red brick,red clay ceramic blocks,as-manufactured substrate,unknown,5 brickyards,50 blocks,500,unknown,unknown,E2 = 1.9 um + 5L/1000,E2 = 1.9 um + 5L/1000,E1 = 2.5 um + 5L/1000; scale resolution 0.1 um,Starrett AV300+,3D point data; supplied format unknown,unknown,unknown,measured point data,true,unknown,true,unknown,unknown,corresponding-author request,false,false,true,high if raw data and per-sample metadata are supplied,unknown until supplied,no public files or file format; manufacturing composition process and firing details vary but per-block linkage is unverified,https://www.nature.com/articles/s41598-022-04847-2,2026-07-29
building_materials_iop_2016,Robust evaluation of three-dimensional surface topography of building materials,Surface Topography: Metrology and Properties,10.1088/2051-672X/4/3/035003,Surface Topography: Metrology and Properties 4 (2016),building materials,includes red brick and weathered concrete,weathered and unweathered examples,multiple outdoor conditions,unknown,11 materials,unknown,unknown,unknown,unknown,unknown,unknown,3D optical measurement; exact instrument per material unknown from accessible metadata,unknown,unknown,unknown,reported statistics and figures; raw data availability unknown,unknown,unknown,unknown,unknown,unknown,publication access; raw data access unknown,false,unknown,unknown,no without raw height data,limited literature comparison only,accessible evidence did not establish downloadable height maps units sampling or license,https://doi.org/10.1088/2051-672X/4/3/035003,2026-07-29
concrete_clsm_zenodo_18457948,Dataset for Methodology for creation of labeled image datasets of entrained air voids and aggregates in concrete surfaces using confocal laser scanning microscopy,Zenodo,10.5281/zenodo.18457948,10.1016/j.aei.2025.103500,concrete,various concrete specimens,polished,round-robin and training specimens; wear unknown,includes M1-M3 round-robin specimens,unknown,unknown,unknown,unknown,0.69 um for 240x subset,0.69 um for 240x subset,unknown,confocal laser scanning microscope,CSV height mappings plus PNG RGB and masks in ZIP,unknown,unknown,measured height plus derived segmentation,true,true,false,false,CC BY 4.0,direct Zenodo files,true,false,false,conditional for polished concrete only; units and preprocessing need file-level verification,true,8.8 GB current version; polished surfaces are not representative of cast wall or fracture surfaces; smallest height-containing archive is about 1.5 GB,https://zenodo.org/records/18457948,2026-07-29
cement_shard_mendeley_28hj2jdy6r_v1,Data of The Shard Test and Nanoporomechanics Reverse the Classical Paradigm of Cement Hydration Being Contractive,Mendeley Data,10.17632/28hj2jdy6r.1,unknown,cement paste,w/c 0.4 cement-paste slabs,0.5 mm slabs; raw and manually trimmed,continuous immersion in water or paraffin over time,unknown,5 samples per day,unknown,unknown,unknown,unknown,unknown,unknown,Olympus 3D Laser Confocal Microscope,STL MIX PLY XLSX and MATLAB,unknown,unknown,raw and Meshmixer-trimmed,true,false,true,true,CC BY 4.0,public direct file downloads,true,false,false,conditional for cement-paste surface evolution; not ordinary concrete wall,true,large repeated mesh series; units sampling and coordinate convention not verified; some acquisition days are missing due errors,https://data.mendeley.com/datasets/28hj2jdy6r/1,2026-07-29
micro_topo_luh,Micro-Topo-Dataset,Leibniz University Hannover,10.25835/pngok8op,10.1016/j.dib.2023.109094,multiple,assorted microscopic topographies,variable,variable,unknown,unknown,unknown,unknown,unknown,metadata dependent,metadata dependent,metadata dependent,Keyence VK-X210 confocal laser scanning microscope,NPY height and intensity images plus RGB and CSV metadata,metadata dependent,metadata dependent,raw measurement arrays,true,true,false,false,CC BY-NC 3.0,direct CKAN resources and external ZIP vault,true,false,false,no unless a target-material subset is positively identified,high for NPY and metadata pipeline tests,non-commercial license; public landing page does not establish brick concrete or sandpaper coverage,https://data.uni-hannover.de/dataset/micro-topo | https://doi.org/10.1016/j.dib.2023.109094,2026-07-29
cement_paste_apendo_2015,Cement paste surface roughness analysis using coherence scanning interferometry and confocal microscopy,Materials Characterization,10.1016/j.matchar.2014.11.033,Materials Characterization 100 (2015),cement paste,CEM I-52.5R w/c 0.4,polished and unpolished,unknown,HOLCIM France cement,unknown,unknown,184 um,138 um,0.45 um for CSI; 2 um for SCM,0.45 um for CSI; 2 um for SCM,1 nm CSI; 10 nm SCM,coherence scanning interferometer and STIL confocal microscopy,raw format unknown,unknown,unknown,published statistics and figures; raw availability unknown,true,unknown,unknown,unknown,unknown,publication; raw access unknown,false,unknown,unknown,no without raw height maps,yes for scale and instrument requirement evidence,no verified public raw data; cement paste is not aggregate-bearing concrete,https://www.sciencedirect.com/science/article/pii/S1044580316301607 | https://doi.org/10.1016/j.matchar.2014.11.033,2026-07-29
nist_visible_cement,The Visible Cement Data Set,NIST,unknown,Journal of Research of NIST 107 (2002),cement brick,hydrating cement paste and one common building brick,internal microstructure,hydration series,unknown,multiple,unknown,unknown,unknown,less than 1 um voxel,less than 1 um voxel,less than 1 um voxel,ESRF synchrotron X-ray microtomography,raw 3D voxel files plus images and code,voxel index,unknown,raw internal tomography,true,false,false,false,unknown,NIST site download path described; current file access not verified,unknown,false,false,no for external contact-surface calibration,conditional for voxel pipeline only,bulk internal microstructure rather than exterior topography; current data-file URL and license were not verified,https://www.nist.gov/publications/visible-cement-data-set,2026-07-29
